id,date,symbol,open,high,low,close,volume,ltp,previous_closing,RSI_6,RSI_14,SMA_20,EMA_20
1875746,2024-01-01,NABIL,513.0,513.0,505.0,505.9,56006.0,505.9,506.0,,,,
1875747,2024-01-02,NABIL,506.0,510.0,498.0,499.9,97243.0,499.9,505.9,,,,
1875748,2024-01-03,NABIL,500.0,501.5,488.6,496.0,150208.0,496.0,499.9,,,,
1875749,2024-01-04,NABIL,498.0,500.9,495.0,495.5,93743.0,495.5,496.0,,,,
1875750,2024-01-07,NABIL,500.0,500.0,489.5,490.0,97677.0,490.0,495.5,,,,
1875751,2024-01-08,NABIL,495.0,495.0,488.0,488.1,109400.0,488.1,490.0,,,,
1875752,2024-01-09,NABIL,488.1,495.0,488.1,490.0,123332.0,490.0,488.1,9.64467005076134,,,
1875753,2024-01-10,NABIL,495.0,500.0,490.0,492.0,91478.0,492.0,490.0,19.45701357466059,,,
1875754,2024-01-11,NABIL,499.0,499.9,490.0,493.0,52810.0,493.0,492.0,24.38402718776548,,,
1875755,2024-01-14,NABIL,500.0,501.0,493.5,494.5,66912.0,494.5,493.0,31.884279810194393,,,
1875756,2024-01-16,NABIL,500.0,502.0,498.0,501.0,126928.0,501.0,494.5,55.06230686890316,,,
1875757,2024-01-17,NABIL,503.5,512.0,503.0,504.0,111028.0,504.0,501.0,62.188287035935616,,,
1875758,2024-01-18,NABIL,507.0,507.0,498.0,498.0,78196.0,498.0,504.0,45.04506944194839,,,
1875759,2024-01-21,NABIL,504.0,504.0,492.0,493.0,85324.0,493.0,498.0,35.31101195013681,,,
1875760,2024-01-22,NABIL,495.0,495.0,486.5,489.0,106960.0,489.0,493.0,29.244233654258522,32.648870636550306,,
1875761,2024-01-23,NABIL,489.0,496.0,484.0,484.5,102618.0,484.5,489.0,23.738296200418084,29.694009481396343,,
1875762,2024-01-24,NABIL,492.0,493.0,484.0,484.9,75048.0,484.9,484.5,25.23967721530271,30.29788446158393,,
1875763,2024-01-25,NABIL,492.5,492.5,483.2,488.0,78635.0,488.0,484.9,36.80932998059034,34.96038657979893,,
1875764,2024-01-28,NABIL,497.0,497.0,487.7,491.0,62690.0,491.0,488.0,46.43575348472697,39.199038685826984,,
1875765,2024-01-29,NABIL,492.0,495.0,485.0,488.0,112649.0,488.0,491.0,39.25893777085022,36.628336869070935,493.31499999999994,493.31499999999994
1875766,2024-01-30,NABIL,485.0,494.0,485.0,487.0,58884.0,487.0,488.0,36.973200376360396,35.78587290779088,492.37,492.71357142857136
1875767,2024-01-31,NABIL,489.0,490.0,484.6,484.6,101519.0,484.6,487.0,31.663822678977006,33.77787881693456,491.605,491.94085034013597
1875768,2024-02-01,NABIL,494.2,494.2,480.0,480.6,88972.0,480.6,484.6,24.598965132288175,30.687279934310997,490.83500000000004,490.8607693553611
1875769,2024-02-04,NABIL,480.6,483.9,477.0,477.0,79654.0,477.0,480.6,19.822361432944824,28.187541004412697,489.91,489.54069608342195
1875770,2024-02-05,NABIL,481.0,481.0,474.9,475.0,65154.0,475.0,477.0,17.550413066364566,26.877636852118194,489.16,488.1558678850008
1875771,2024-02-06,NABIL,479.0,484.0,475.0,475.0,62626.0,475.0,475.0,17.550413066364563,26.877636852118197,488.505,486.9029280864293
1875772,2024-02-07,NABIL,484.5,484.5,474.5,475.1,72757.0,475.1,475.0,18.225243750149986,27.074155228598425,487.76000000000005,485.7788396972456
1875773,2024-02-08,NABIL,476.0,480.0,475.0,476.5,40791.0,476.5,475.1,28.110362932567313,29.91401471073199,486.985,484.8951406784603
1875774,2024-02-11,NABIL,486.0,486.0,474.5,475.0,87081.0,475.0,476.5,24.329127978197647,28.62769288388558,486.08500000000004,483.95274632813073
1875775,2024-02-12,NABIL,476.0,477.0,474.0,477.0,48708.0,477.0,475.0,37.730837955036826,32.77826598494038,485.21000000000004,483.2905800111659
1875776,2024-02-13,NABIL,477.0,479.9,469.1,471.5,83243.0,471.5,477.0,23.813247711760706,27.962440110878457,483.735,482.1676676291501
1875777,2024-02-14,NABIL,471.5,471.5,464.5,465.5,63187.0,465.5,471.5,16.058804576168036,23.846389725954598,481.81000000000006,480.5802707120882
1875778,2024-02-15,NABIL,465.0,466.0,462.0,462.5,51339.0,462.5,465.5,13.43404244083428,22.095106446213926,480.035,478.8583401680798
1875779,2024-02-18,NABIL,456.0,465.0,455.5,457.7,65595.0,457.7,462.5,10.225192204296674,19.61319249312257,478.2700000000001,476.8432601520722
1875780,2024-02-20,NABIL,456.0,460.0,448.0,449.0,90305.0,449.0,457.7,6.729226624558575,16.086185014987215,476.2700000000001,474.1915210899701
1875781,2024-02-21,NABIL,450.0,454.8,448.0,449.0,61605.0,449.0,449.0,6.729226624558575,16.086185014987215,474.49500000000006,471.792328605211
1875782,2024-02-22,NABIL,450.0,452.9,443.0,445.0,62441.0,445.0,449.0,5.487156197516526,14.678664482530381,472.5000000000001,469.24067826185757
1875783,2024-02-25,NABIL,445.0,445.0,434.0,436.5,68284.0,436.5,445.0,3.7310457631008944,12.229800471209137,469.92500000000007,466.12251842739494
1875784,2024-02-26,NABIL,436.5,440.0,430.1,434.0,63611.0,434.0,436.5,3.3523768427595884,11.615982176356253,467.0750000000001,463.0632309581192
1875785,2024-02-27,NABIL,434.0,440.0,432.5,437.8,44089.0,437.8,434.0,18.449099610597237,18.32612678660884,464.56500000000005,460.65720896210786
1875786,2024-02-28,NABIL,442.0,442.0,435.0,435.0,32394.0,435.0,437.8,16.21019576458392,17.284812265576914,461.96500000000003,458.21366525143094
1875787,2024-02-29,NABIL,435.0,435.0,429.0,429.5,84087.0,429.5,435.0,12.604611593577586,15.430127540749664,459.21000000000004,455.47903046558037
1875788,2024-03-03,NABIL,429.5,432.0,422.0,424.0,57099.0,424.0,429.5,9.94907963743497,13.831790005805319,456.38,452.4810275640965
1875789,2024-03-04,NABIL,432.4,458.3,432.0,458.3,14359.0,458.3,424.0,65.05113590489064,49.183952218087704,455.445,453.0352154151349
1875790,2024-03-05,NABIL,459.0,459.0,435.0,446.0,85486.0,446.0,458.3,51.49250329836349,42.45705955752596,453.995,452.3651948994078
1875791,2024-03-06,NABIL,448.0,450.0,440.0,442.0,46408.0,442.0,446.0,47.61921877394305,40.51634826600407,452.34499999999997,451.3780334804166
1875792,2024-03-07,NABIL,450.0,450.0,442.0,445.5,27778.0,445.5,442.0,51.45348899995316,42.97267837028896,450.86499999999995,450.81822076799597
1875793,2024-03-10,NABIL,448.0,451.0,447.0,449.8,38263.0,449.8,445.5,56.18220195935959,45.92697996756796,449.5299999999999,450.72124736152017
1875794,2024-03-12,NABIL,458.7,470.0,455.0,469.0,62909.0,469.0,449.8,71.20875557190726,56.71072524624916,449.2299999999999,452.4620809461373
1875795,2024-03-13,NABIL,477.0,479.9,467.0,473.0,66733.0,473.0,469.0,73.48220960683827,58.564696373718604,449.0299999999999,454.41807323698134
1875796,2024-03-14,NABIL,480.0,480.0,468.3,471.9,48287.0,471.9,473.0,71.61604472252877,57.831192884132165,449.0499999999999,456.0830186429831
1875797,2024-03-17,NABIL,478.0,480.0,462.0,464.0,51485.0,464.0,471.9,58.756165164315775,52.72387703816087,448.9749999999999,456.83701686746093
1875798,2024-03-18,NABIL,473.0,473.0,459.0,461.0,36185.0,461.0,464.0,54.31192826440113,50.88603563885529,448.8999999999999,457.2334914515123
1875799,2024-03-19,NABIL,460.0,462.0,456.0,460.0,34096.0,460.0,461.0,52.7169526524042,50.25716387265826,449.0149999999999,457.49696845613016
1875800,2024-03-20,NABIL,463.0,465.0,456.0,457.0,31882.0,457.0,460.0,47.67654039245669,48.327576559906596,449.41499999999985,457.4496381269749
1875801,2024-03-21,NABIL,459.9,459.9,449.0,451.0,46500.0,451.0,457.0,38.778106098555924,44.63635699113357,449.5149999999999,456.8353868767868
1875802,2024-03-25,NABIL,458.0,458.0,444.4,445.0,33441.0,445.0,451.0,31.682232280975747,41.24386448741796,449.5149999999999,455.70820717423567
1875803,2024-03-26,NABIL,445.1,448.0,440.0,441.8,40492.0,441.8,445.0,28.36085245135938,39.51875440562832,449.77999999999986,454.38361601478465
1875804,2024-03-27,NABIL,442.0,447.0,440.0,440.5,30220.0,440.5,441.8,26.981898104774686,38.80858280194619,450.10499999999985,453.06136687051946
1875805,2024-03-28,NABIL,442.0,444.0,440.0,442.5,32919.0,442.5,440.5,32.99636147281736,40.577795871948325,450.33999999999986,452.0555224066605
1875806,2024-03-31,NABIL,443.0,448.0,437.9,440.0,55639.0,440.0,442.5,29.36784065594243,39.05763258595347,450.58999999999986,450.90737741554994
1875807,2024-04-01,NABIL,437.0,439.0,432.0,439.0,44256.0,439.0,440.0,27.89540129901135,38.437335507468354,451.0649999999999,449.77334147121184
1875808,2024-04-02,NABIL,437.0,440.0,432.0,436.0,26386.0,436.0,439.0,23.63023521175783,36.56138080569941,451.66499999999985,448.46159466442975
1875809,2024-04-03,NABIL,439.0,439.0,432.0,434.0,40271.0,434.0,436.0,21.054832695148047,35.32364485118386,450.44999999999993,447.0842999344841
1875810,2024-04-04,NABIL,434.0,436.0,432.7,434.0,37125.0,434.0,434.0,21.05483269514805,35.32364485118386,449.8499999999999,445.8381761311999
1875811,2024-04-07,NABIL,434.0,438.0,430.1,438.0,83715.0,438.0,434.0,39.91467223850192,40.03255421271357,449.6499999999999,445.0916831663237
1875812,2024-04-09,NABIL,446.7,446.7,432.0,439.0,51408.0,439.0,438.0,43.93296252722049,41.18543493102974,449.32499999999993,444.51152286476906
1875813,2024-04-10,NABIL,440.0,442.0,436.0,438.0,46883.0,438.0,439.0,40.66919167260994,40.350029367700856,448.73499999999996,443.89137783002917
1875814,2024-04-14,NABIL,438.0,446.0,436.6,438.0,37958.0,438.0,438.0,40.66919167260995,40.35002936770085,447.18499999999995,443.33029422716925
1875815,2024-04-15,NABIL,438.0,439.0,434.1,435.0,33297.0,435.0,438.0,30.78825714107238,37.69009134293672,445.28499999999997,442.53693287220074
1875816,2024-04-16,NABIL,435.0,435.0,431.0,433.0,33034.0,433.0,435.0,25.777887258807407,35.986892199551455,443.34,441.6286535510388
1875817,2024-04-18,NABIL,434.0,434.0,429.0,429.9,39409.0,429.9,433.0,19.78820242081353,33.46273685214199,441.63499999999993,440.5116389271303
1875818,2024-04-21,NABIL,437.0,437.0,422.0,428.0,68601.0,428.0,429.9,16.900063147851768,31.982078006425823,439.98499999999996,439.32005426740363
1875819,2024-04-22,NABIL,428.0,435.0,428.0,429.0,30359.0,429.0,428.0,23.913738781493034,33.646219694954205,438.43499999999995,438.33719195622234
1875820,2024-04-24,NABIL,430.0,435.0,428.5,429.0,35268.0,429.0,429.0,23.913738781493034,33.646219694954205,437.03499999999997,437.4479355794393
1875821,2024-04-25,NABIL,429.0,433.0,427.0,427.3,52043.0,427.3,429.0,19.81890675775041,32.097895883959964,435.8499999999999,436.4814655242546
1875822,2024-04-28,NABIL,435.8,435.8,427.0,427.0,43925.0,427.0,427.3,19.125396888549737,31.819618760788238,434.94999999999993,435.5784688076589
1875823,2024-04-29,NABIL,435.5,435.5,424.5,429.0,51708.0,429.0,427.0,36.81369018872482,35.81473746052614,434.30999999999995,434.95194796883425
1875824,2024-04-30,NABIL,437.5,437.5,426.0,431.5,44100.0,431.5,429.0,52.422414932995906,40.50748596582805,433.85999999999996,434.6231910194215
1875825,2024-05-02,NABIL,440.1,440.1,427.5,429.5,47931.0,429.5,431.5,42.37367149894511,38.107144460293725,433.2099999999999,434.13526806519087
1875826,2024-05-05,NABIL,430.0,432.0,425.0,426.0,41759.0,426.0,429.5,30.211995276074717,34.27899760086966,432.50999999999993,433.3604806304108
1875827,2024-05-06,NABIL,427.0,427.0,423.0,424.0,26747.0,424.0,426.0,25.243832381793734,32.28324804365669,431.75999999999993,432.4690062846574
1875828,2024-05-07,NABIL,422.3,430.7,421.9,422.0,38545.0,422.0,424.0,21.083401238101928,30.378535488314146,431.05999999999995,431.47195806707094
1875829,2024-05-08,NABIL,427.0,427.0,422.0,424.5,18323.0,424.5,422.0,36.72573126815756,35.501228828870026,430.5849999999999,430.8079620606832
1875830,2024-05-09,NABIL,428.0,428.0,419.0,422.7,40811.0,422.7,424.5,31.355842369698273,33.58512368916579,430.02,430.035775197761
1875831,2024-05-12,NABIL,421.1,425.0,420.0,422.0,44038.0,422.0,422.7,29.35296825316462,32.84274479920502,429.21999999999997,429.2704632741647
1875832,2024-05-13,NABIL,426.0,431.5,422.4,430.8,68228.0,430.8,422.0,64.02185220764022,48.31113100701832,428.80999999999995,429.4161334385299
1875833,2024-05-14,NABIL,435.5,435.5,430.0,433.5,35940.0,433.5,430.8,69.52758525686139,51.96674133376629,428.5849999999999,429.8050731110509
1875834,2024-05-15,NABIL,440.0,441.0,434.0,434.0,36943.0,434.0,433.5,70.52976904820004,52.634797820116695,428.38499999999993,430.2045899576175
1875835,2024-05-16,NABIL,442.6,442.6,428.0,431.0,40117.0,431.0,434.0,57.02622856690801,48.294635608353346,428.18499999999995,430.28034329498723
1875836,2024-05-19,NABIL,439.6,439.6,432.2,437.0,47893.0,437.0,431.0,70.55584588611498,56.0926633465574,428.38499999999993,430.92031060022657
1875837,2024-05-20,NABIL,443.0,463.4,441.0,458.0,97887.0,458.0,437.0,87.32114604104603,72.00613101166088,429.78999999999996,433.49932863830026
1875838,2024-05-21,NABIL,460.0,481.0,457.0,480.9,144313.0,480.9,458.0,92.73456261946772,80.3638119186195,432.43499999999995,438.0136782917955
1875839,2024-05-22,NABIL,480.9,515.0,480.9,514.0,307056.0,514.0,480.9,95.82582496151164,86.59398151267035,436.68499999999995,445.250470835434
1875840,2024-05-26,NABIL,515.0,532.0,507.0,517.0,257882.0,517.0,514.0,96.0104426539296,86.99667539693952,441.0849999999999,452.0837593272974
1875841,2024-05-27,NABIL,523.9,523.9,500.2,507.9,101039.0,507.9,517.0,82.69690947812444,79.22291975088982,445.11499999999995,457.3995917723167
1875842,2024-05-29,NABIL,505.0,522.0,488.5,489.0,124575.0,489.0,507.9,61.45717424908028,66.02661447910413,448.215,460.4091544606675
1875843,2024-05-30,NABIL,485.0,492.0,469.8,478.3,104947.0,478.3,489.0,52.32682441801284,59.939375144482476,450.67999999999995,462.1130445120325
1875844,2024-06-02,NABIL,476.0,490.5,476.0,490.0,77895.0,490.0,478.3,60.10408409458893,63.86261481819622,453.6049999999999,464.76894503469606
1875845,2024-06-03,NABIL,496.9,497.0,484.0,484.9,46126.0,484.9,490.0,55.3784621987578,61.05574263205272,456.3749999999999,466.686188364725
1875846,2024-06-04,NABIL,493.0,493.0,480.3,483.0,37907.0,483.0,484.9,53.49803096844358,59.9977586909395,459.2249999999999,468.2398847109417
1875847,2024-06-05,NABIL,483.0,487.6,479.0,480.0,43444.0,480.0,483.0,50.264151568955015,58.28052903417138,462.0249999999999,469.359895690852
1875848,2024-06-06,NABIL,480.1,485.0,477.0,477.0,40452.0,477.0,480.0,46.86466897523645,56.53785031303627,464.7749999999999,470.0875246726756
1875849,2024-06-09,NABIL,486.5,486.5,474.0,474.0,42853.0,474.0,477.0,43.346701899250874,54.774034399774884,467.2499999999999,470.46014137051606
1875850,2024-06-10,NABIL,483.4,483.4,462.6,468.0,57462.0,468.0,474.0,36.729524669741984,51.325297087413965,469.5149999999999,470.22584219237166
1875851,2024-06-11,NABIL,477.3,478.1,466.1,478.0,50026.0,478.0,468.0,51.52853959108158,56.26752608280763,472.3149999999999,470.96623817405055
1875852,2024-06-12,NABIL,480.0,490.0,480.0,483.0,45437.0,483.0,478.0,57.49387028824342,58.53457238863964,474.9249999999999,472.11231072890286
1875853,2024-06-13,NABIL,490.0,490.0,479.0,479.1,63580.0,479.1,483.0,51.555107666246315,56.092058674416414,477.2049999999999,472.77780494519783
1875854,2024-06-16,NABIL,488.6,488.6,473.2,475.0,48170.0,475.0,479.1,45.611510436391825,53.56169576924136,479.25499999999994,472.9894425694647
1875855,2024-06-18,NABIL,483.0,483.0,468.7,469.0,43382.0,469.0,475.0,37.932021762384224,50.00652714599334,481.1549999999999,472.6094956580871
1875856,2024-06-19,NABIL,469.0,475.0,469.0,472.0,29603.0,472.0,469.0,43.626859211066176,51.731661498787794,482.9049999999999,472.551448452555
1875857,2024-06-20,NABIL,481.4,481.4,469.6,470.1,51724.0,470.1,472.0,40.78300977941251,50.54211865289406,483.50999999999993,472.3179771713593
1875858,2024-06-23,NABIL,469.0,469.0,465.0,466.0,53680.0,466.0,470.1,34.89315726243586,47.978321551590845,482.765,471.7162650598013
1875859,2024-06-24,NABIL,464.0,467.0,461.1,461.1,45036.0,461.1,466.0,28.906160472240884,45.0379276406957,480.12,470.7051921969631
1875860,2024-06-25,NABIL,462.0,465.0,455.3,458.2,56926.0,458.2,461.1,25.7663410450481,43.34482112798816,477.18,469.51422151153804
1875861,2024-06-26,NABIL,458.8,460.0,455.1,456.0,57007.0,456.0,458.2,23.447763541475737,42.0532601431299,474.58500000000004,468.22715279615346
1875862,2024-06-27,NABIL,456.0,457.0,454.6,456.0,29699.0,456.0,456.0,23.44776354147574,42.0532601431299,472.93500000000006,467.0626620536627
1875863,2024-06-30,NABIL,456.9,461.0,450.8,452.0,55043.0,452.0,456.0,18.976878971782572,39.567156551572864,471.62000000000006,465.6281228104567
1875864,2024-07-01,NABIL,457.0,458.8,450.0,458.8,31786.0,458.8,452.0,41.66698866983058,45.46910953597947,470.06000000000006,464.97782539993705
1875865,2024-07-02,NABIL,467.9,499.3,466.0,477.1,93437.0,477.1,458.8,69.3690309176358,57.498720482385956,469.6700000000001,466.1323182189907
1875866,2024-07-03,NABIL,477.0,484.0,469.0,484.0,48855.0,484.0,477.1,74.78663689869998,60.99282709514111,469.7200000000001,467.83400219813444
1875867,2024-07-04,NABIL,485.0,490.0,480.0,487.0,58487.0,487.0,484.0,76.91672476691687,62.43870477723811,470.07000000000005,469.65933532212165
1875868,2024-07-07,NABIL,487.0,490.0,482.0,487.0,59675.0,487.0,487.0,76.91672476691687,62.438704777238094,470.57000000000005,471.3108271962053
1875869,2024-07-08,NABIL,487.0,490.0,482.0,490.0,79001.0,490.0,487.0,79.4203391925052,63.986870023369235,471.37000000000006,473.0907484156143
1875870,2024-07-09,NABIL,490.0,491.9,482.1,490.2,48124.0,490.2,490.0,79.59736891120181,64.09312463615082,472.48000000000013,474.72020094746057
1875871,2024-07-10,NABIL,500.0,500.0,490.0,497.1,82435.0,497.1,490.2,84.95525193361264,67.64039223316911,473.4350000000001,476.85161038103575
1875872,2024-07-11,NABIL,507.0,507.0,498.6,507.0,115571.0,507.0,497.1,89.63961311918088,71.92582021978194,474.6350000000001,479.72288558284185
1875873,2024-07-14,NABIL,517.1,547.0,517.0,529.0,138178.0,529.0,507.0,94.33950931785519,78.68209902328026,477.1300000000001,484.41594409876166
1875874,2024-07-15,NABIL,539.5,545.0,521.0,524.0,157693.0,524.0,529.0,83.95284107091432,74.30534111416782,479.5800000000001,488.1858541845939
1875875,2024-07-16,NABIL,534.4,534.4,514.5,532.9,116735.0,532.9,524.0,87.00814865626879,76.78117504795883,482.7750000000001,492.4443442622516
1875876,2024-07-17,NABIL,539.0,543.0,531.0,538.0,138575.0,538.0,532.9,88.51217673892738,78.08433623380786,486.0750000000001,496.78297814203717
1875877,2024-07-18,NABIL,538.0,589.0,538.0,567.0,242256.0,567.0,538.0,93.5820056325427,83.68997425873526,490.9200000000001,503.4703135570812
1875878,2024-07-21,NABIL,578.0,584.0,568.0,577.0,248449.0,577.0,567.0,94.57305294780588,85.10480146770149,496.4700000000001,510.4731408373592
1875879,2024-07-22,NABIL,580.0,587.0,563.0,574.0,183975.0,574.0,577.0,89.5925906882944,82.78471145645598,502.11500000000007,516.5233179004679
1875880,2024-07-23,NABIL,574.0,580.0,563.0,579.0,185075.0,579.0,574.0,90.58430095422561,83.58777809516751,508.15500000000003,522.4734781004233
1875881,2024-07-24,NABIL,576.0,590.0,570.0,579.0,162758.0,579.0,579.0,90.58430095422561,83.58777809516751,514.3050000000001,527.8569563765735
1875882,2024-07-25,NABIL,579.0,579.0,570.0,575.9,129069.0,575.9,579.0,83.48214876665861,80.8750099217539,520.3,532.4324843407094
1875883,2024-07-28,NABIL,587.4,633.4,587.4,633.4,348250.0,633.4,575.9,93.98282331176878,88.39698182890756,529.37,542.0484382130228
1875884,2024-07-29,NABIL,646.0,690.0,643.0,649.0,451587.0,649.0,633.4,95.01463138758821,89.59290046566066,538.88,552.234301240354
1875885,2024-07-30,NABIL,658.9,658.9,620.0,644.0,331425.0,644.0,649.0,89.13587653790687,86.51501648237449,547.225,560.9738915984154
1875886,2024-07-31,NABIL,656.8,656.8,640.0,649.3,288592.0,649.3,644.0,89.92851557777908,87.02389435882417,555.49,569.3859019223759
1875887,2024-08-01,NABIL,649.3,660.0,638.0,645.0,197788.0,645.0,649.3,83.96435209116908,84.24616109353093,563.39,576.5872445964353
1875888,2024-08-05,NABIL,657.9,700.0,657.0,660.0,314107.0,660.0,645.0,87.44884670996595,85.93295626829918,572.04,584.5313165396319
1875889,2024-08-06,NABIL,668.0,668.0,624.0,625.0,421596.0,625.0,660.0,54.36903910157329,67.71425141821287,578.79,588.3854768691908
1875890,2024-08-07,NABIL,613.0,640.0,608.0,631.5,251049.0,631.5,625.0,57.91672360953242,69.02754950222409,585.8549999999999,592.4916219292679
1875891,2024-08-08,NABIL,644.1,644.1,628.0,630.0,154915.0,630.0,631.5,56.696056127342466,68.33672269319935,592.4999999999999,596.0638484121948
1875892,2024-08-11,NABIL,640.0,643.0,635.0,639.1,196534.0,639.1,630.0,62.45654113539305,70.27998139224249,599.1049999999999,600.1625295157953
1875893,2024-08-12,NABIL,645.0,657.9,640.0,646.9,228497.0,646.9,639.1,66.97516976564471,71.87340000766062,604.9999999999999,604.6137171809577
1875894,2024-08-13,NABIL,648.0,658.9,643.0,647.9,208455.0,647.9,646.9,67.57555711718604,72.08007368080462,611.1949999999999,608.7362203065808
1875895,2024-08-14,NABIL,650.0,650.0,640.0,645.0,160074.0,645.0,647.9,63.55470681813982,70.46306579585395,616.8,612.189913610716
1875896,2024-08-15,NABIL,657.9,673.0,647.0,660.0,460088.0,660.0,645.0,73.38438471400013,73.74403964054386,622.8999999999999,616.7432551716001
1875897,2024-08-18,NABIL,670.0,682.0,656.0,662.0,385734.0,662.0,660.0,74.48543217016571,74.15624757271728,627.6499999999999,621.0534213457335
1875898,2024-08-21,NABIL,675.0,675.0,651.0,658.3,251551.0,658.3,662.0,68.22022218494483,71.90710667426131,631.7149999999999,624.6007145509017
1875899,2024-08-22,NABIL,658.3,668.0,652.0,654.0,210335.0,654.0,658.3,61.057895908153746,69.2773731441208,635.7149999999999,627.4006464984349
1875900,2024-08-25,NABIL,654.0,654.0,636.0,636.9,206816.0,636.9,654.0,40.6777654282768,59.89630484061858,638.6099999999999,628.3053468319173
1875901,2024-08-27,NABIL,625.0,640.0,605.0,605.6,307846.0,605.6,636.9,23.47038380013073,47.27681019992281,639.9399999999998,626.1429328479252
1875902,2024-08-28,NABIL,617.7,630.0,609.7,616.0,256298.0,616.0,605.6,34.515416815991316,50.97297367147253,641.9449999999999,625.1769392433608
1875903,2024-08-29,NABIL,625.0,625.0,600.0,605.0,155077.0,605.0,616.0,29.171737661354463,47.203604411799205,640.5249999999999,623.2553259820884
1875904,2024-09-01,NABIL,614.0,614.0,589.0,595.0,150454.0,595.0,605.0,24.956687446514877,44.01691105872813,637.8249999999999,620.5643425552228
1875905,2024-09-02,NABIL,600.0,612.0,585.0,611.7,174550.0,611.7,595.0,41.807028779593224,50.07809440842522,636.2099999999999,619.7201194547254
1875906,2024-09-03,NABIL,615.0,623.0,610.0,610.0,107180.0,610.0,611.7,40.69091652988317,49.49068464679584,634.245,618.7943937923706
1875907,2024-09-04,NABIL,622.2,622.2,595.0,595.0,139235.0,595.0,610.0,31.723565865598314,44.52762065368803,631.745,616.5282610502401
1875908,2024-09-05,NABIL,596.0,598.0,585.0,592.0,92820.0,592.0,595.0,30.129975480249605,43.586186467630895,628.345,614.1922361883124
1875909,2024-09-08,NABIL,603.8,603.8,585.0,586.0,99880.0,586.0,592.0,26.888301641504487,41.687802082847845,626.395,611.5072613132351
1875910,2024-09-09,NABIL,588.0,592.0,572.0,573.0,93805.0,573.0,586.0,21.010866458971382,37.84200629570581,623.47,607.839903092927
1875911,2024-09-10,NABIL,583.0,583.0,567.5,569.8,97919.0,569.8,573.0,19.736532647651007,36.93866934134448,620.4599999999999,604.2170551793149
1875912,2024-09-11,NABIL,577.0,577.5,560.0,561.5,78865.0,561.5,569.8,16.602387230551145,34.62960537835558,616.5799999999999,600.1487642098564
1875913,2024-09-12,NABIL,572.7,572.7,554.0,569.0,91654.0,569.0,561.5,28.853276320592773,38.37810621621807,612.685,597.1822152374891
1875914,2024-09-15,NABIL,574.0,590.0,570.0,571.0,100482.0,571.0,569.0,32.04752867191043,39.37643002484548,608.8399999999999,594.6886709291568
1875915,2024-09-16,NABIL,571.0,571.0,560.1,561.2,56485.0,561.2,571.0,25.35420726437099,36.27524613780334,604.65,591.4992736978086
1875916,2024-09-18,NABIL,562.0,565.0,550.0,556.0,68886.0,556.0,561.2,22.37821927464729,34.71301439038907,599.45,588.1183904884934
1875917,2024-09-22,NABIL,556.0,578.0,556.0,562.0,55026.0,562.0,556.0,33.22979919031154,38.02931563319489,594.45,585.6309247276846
1875918,2024-09-23,NABIL,573.2,573.2,555.0,568.0,123568.0,568.0,562.0,42.82202488621728,41.243480165638,589.9350000000001,583.9517890393337
1875919,2024-09-24,NABIL,567.0,567.0,552.1,553.5,66337.0,553.5,568.0,30.22841818861956,36.3383707540377,584.9100000000001,581.0516186546353
1875920,2024-09-25,NABIL,550.0,560.0,545.1,555.0,50441.0,555.0,553.5,32.68591725554904,37.17082938730773,580.815,578.5705121160986
1875921,2024-09-26,NABIL,555.2,562.0,549.0,550.0,50686.0,550.0,555.0,28.64953440507699,35.50424018340169,578.0350000000001,575.8495109621845
1875922,2024-09-29,NABIL,550.0,550.0,540.0,541.5,46227.0,541.5,550.0,22.884485501584177,32.81097536447894,574.3100000000001,572.5781289657859
1875923,2024-09-30,NABIL,540.0,550.5,540.0,550.0,49497.0,550.0,541.5,37.88380393796775,37.88529635322079,571.5600000000001,570.4278309690444
1875924,2024-10-01,NABIL,550.0,571.0,550.0,568.0,74522.0,568.0,550.0,58.430417505807554,47.01166729649708,570.21,570.1966089719925
1875925,2024-10-02,NABIL,571.0,579.3,565.0,565.0,56823.0,565.0,568.0,54.80478427168423,45.80374737749598,567.875,569.7016938318028
1875926,2024-10-06,NABIL,565.0,574.0,556.0,574.0,84468.0,574.0,565.0,63.057139285344554,49.95782497338217,566.075,570.1110563240121
1875927,2024-10-07,NABIL,584.0,593.2,580.0,591.5,69067.0,591.5,574.0,74.09430338429588,56.878925303638496,565.9,572.1480985788681
1875928,2024-10-08,NABIL,592.0,600.0,580.0,591.0,65705.0,591.0,591.5,73.34302824739144,56.637899939139416,565.85,573.943517761833
1875929,2024-10-09,NABIL,595.0,595.0,580.0,593.0,38505.0,593.0,591.0,74.58019339391177,57.41523858487355,566.2,575.7584208321347
1875930,2024-10-15,NABIL,593.0,601.0,593.0,600.0,69441.0,600.0,593.0,78.72684908573552,60.11056033313624,567.55,578.0671426576456
1875931,2024-10-16,NABIL,608.0,608.0,601.0,608.0,94498.0,608.0,600.0,82.61595495556695,62.993349036329114,569.46,580.9178909759651
1875932,2024-10-17,NABIL,615.0,619.0,602.0,607.1,70872.0,607.1,608.0,80.62607341673072,62.446583959265055,571.74,583.4114251687303
1875933,2024-10-20,NABIL,600.0,606.0,593.0,597.0,100302.0,597.0,607.1,60.87940597332102,56.51793294208455,573.1400000000001,584.7055751526607
1875934,2024-10-21,NABIL,595.0,597.0,584.0,585.5,112249.0,585.5,597.0,45.61490028719375,50.624490866522585,573.865,584.7812346619311
1875935,2024-10-22,NABIL,581.5,592.0,577.0,591.0,77275.0,591.0,585.5,52.45638876732327,53.14114731176838,575.355,585.3734980274614
1875936,2024-10-23,NABIL,591.0,607.2,591.0,594.0,63996.0,594.0,591.0,56.0733093098635,54.5033295402016,577.255,586.1950696438937
1875937,2024-10-24,NABIL,590.1,600.0,590.0,591.5,41245.0,591.5,594.0,52.109067788251636,53.117578339804375,578.73,586.70030110638
1875938,2024-10-27,NABIL,588.09,599.0,585.1,587.0,33289.0,587.0,591.5,45.205839879955896,50.62261595608225,579.6800000000001,586.7288438581534
1875939,2024-10-28,NABIL,585.0,594.9,583.5,585.0,51581.0,585.0,587.0,42.22263571862243,49.509560077375916,581.255,586.5641920621388
1875940,2024-10-29,NABIL,595.0,595.0,586.1,591.8,38978.0,591.8,585.0,54.47897176981979,53.27154785161827,583.095,587.0628404371731
1875941,2024-10-30,NABIL,580.0,583.0,569.0,576.0,215581.0,576.0,591.8,34.231866695995606,44.90029796924797,584.395,586.0092365860138
1875942,2024-11-05,NABIL,570.1,576.0,565.0,567.0,98344.0,567.0,576.0,27.2972864236917,40.95257797019402,585.67,584.1988331016315
1875943,2024-11-06,NABIL,565.0,567.0,562.8,564.6,54129.0,564.6,567.0,25.63547785819115,39.94401674041157,586.4,582.3322775681428
1875944,2024-11-10,NABIL,565.0,573.0,565.0,570.0,108867.0,570.0,564.6,36.133311350548475,43.326004683279976,586.5,581.1577749426053
1875945,2024-11-11,NABIL,573.0,579.0,568.0,569.0,87145.0,569.0,570.0,35.034268982517744,42.84482742352832,586.7,579.9998916147382
1875946,2024-11-12,NABIL,570.6,572.0,566.0,566.2,58126.0,566.2,569.0,31.78579748225449,41.456500314718376,586.3100000000001,578.6856162228584
1875947,2024-11-13,NABIL,566.2,570.0,560.2,561.0,48085.0,561.0,566.2,26.34242232013955,38.93333880602238,584.7850000000001,577.0012718206814
1875948,2024-11-14,NABIL,566.0,566.0,557.0,562.0,59666.0,562.0,561.0,29.1426786534461,39.69348648719703,583.335,575.5725792663308
1875949,2024-11-17,NABIL,562.0,570.0,562.0,562.1,62749.0,562.1,562.0,29.46446644087071,39.77422131189547,581.7900000000001,574.2894764790611
1875950,2024-11-19,NABIL,560.0,568.0,557.0,559.8,84892.0,559.8,562.1,26.182695506263016,38.49765471143834,579.78,572.9095263381981
1875951,2024-11-20,NABIL,560.0,562.0,552.0,557.0,61578.0,557.0,559.8,22.51863101302895,36.943154977161164,577.23,571.3943333536079
1875952,2024-11-21,NABIL,565.0,565.0,552.2,553.7,56753.0,553.7,557.0,18.798136219130384,35.142109028008925,574.5600000000001,569.7091587485023
1875953,2024-11-24,NABIL,564.0,564.7,555.0,558.0,109617.0,558.0,553.7,35.46914552742211,39.29503530023762,572.61,568.5940007724545
1875954,2024-11-25,NABIL,569.1,569.1,542.7,547.6,78417.0,547.6,558.0,22.225767170655082,33.67822052780735,570.715,566.5945721274588
1875955,2024-11-26,NABIL,547.6,556.0,540.0,545.0,96250.0,545.0,547.6,19.986962923250978,32.43018613845246,568.4150000000001,564.537946210558
1875956,2024-11-27,NABIL,545.0,549.5,544.0,548.0,59923.0,548.0,545.0,29.78063210785739,35.40466679466158,566.115,562.9629037143143
1875957,2024-11-28,NABIL,545.0,551.0,539.0,540.0,98283.0,540.0,548.0,21.399006417345102,31.43117387765325,563.5400000000001,560.7759605034272
1875958,2024-12-01,NABIL,537.3,540.0,534.1,536.0,79422.0,536.0,540.0,18.30747264768363,29.639972495225898,560.99,558.4163452173865
1875959,2024-12-02,NABIL,546.7,546.7,533.0,534.0,80685.0,534.0,536.0,16.84712135196287,28.757522765223815,558.44,556.0909790062068
1875960,2024-12-03,NABIL,544.6,544.6,530.2,532.0,62719.0,532.0,534.0,15.375365903180201,27.86413016324751,555.45,553.7966000532347
1875961,2024-12-04,NABIL,542.6,542.6,530.0,530.0,69630.0,530.0,532.0,13.916482231106553,26.96208348405225,553.1500000000001,551.5302571910219
1875962,2024-12-05,NABIL,540.6,540.6,523.0,525.0,61452.0,525.0,530.0,10.832868727355073,24.800515395678744,551.0500000000001,549.0035660299721
1875963,2024-12-08,NABIL,526.0,526.0,513.5,514.5,76545.0,514.5,525.0,6.951358716717849,20.99409607201926,548.5450000000001,545.7175121223557
1875964,2024-12-09,NABIL,505.0,516.9,505.0,510.0,54624.0,510.0,514.5,5.869726621318729,19.60530348203402,545.5450000000001,542.315844301179
1875965,2024-12-10,NABIL,510.0,514.0,505.0,508.1,51966.0,508.1,510.0,5.440789051936297,19.032812115922145,542.5000000000001,539.0571924629716
1875966,2024-12-11,NABIL,508.0,529.8,506.1,528.0,70328.0,528.0,508.1,50.7106969288582,39.09340803413961,540.59,538.0041265141172
1875967,2024-12-12,NABIL,535.0,538.5,518.3,520.0,56954.0,520.0,528.0,41.196284441616356,35.30629306251585,538.5400000000001,536.289447798487
1875968,2024-12-16,NABIL,520.0,524.0,509.7,512.9,47147.0,512.9,520.0,34.33547885412898,32.31434935312837,536.085,534.0618813414883
1875969,2024-12-17,NABIL,513.0,518.0,509.1,512.0,53169.0,512.0,512.9,33.48715681954915,31.944801793601684,533.58,531.960749785156
1875970,2024-12-18,NABIL,501.8,520.4,501.8,511.8,57475.0,511.8,512.0,33.26797088369316,31.857613068872542,531.1800000000001,530.040678377046
1875971,2024-12-19,NABIL,512.0,514.0,508.0,508.0,73723.0,508.0,511.8,28.94793941720719,30.17257106644193,528.73,527.9415661506606
1875972,2024-12-22,NABIL,497.9,511.0,497.9,502.9,67080.0,502.9,508.0,23.941015512596316,28.02974047780121,526.1899999999999,525.5566550886929
1875973,2024-12-23,NABIL,502.9,502.9,498.0,501.0,86473.0,501.0,502.9,22.22265622401772,27.25320516105744,523.3399999999999,523.2179260326269
1875974,2024-12-24,NABIL,503.0,506.0,499.1,501.0,66517.0,501.0,501.0,22.22265622401772,27.25320516105744,521.01,521.1019330771386
1875975,2024-12-26,NABIL,511.0,511.0,498.0,502.0,127622.0,502.0,501.0,26.235284854595882,28.46293671563402,518.8599999999999,519.2827013555063
1875976,2024-12-29,NABIL,504.1,508.9,499.0,502.7,64296.0,502.7,502.0,29.299218534474903,29.34862014047215,516.595,517.7033964645058
